SK45 8360 5207 0042 0026 9790SK45 8360 5207 0042 0026 9790SK45 8360 5207 0042 0026 9790SK45 8360 5207 0042 0026 9790

<?xml version='1.0' encoding='UTF-8'?>
<shortcuts>
	<shortcut>
		<label>Stream Cinema</label>
		<label2>Custom item</label2>
		<icon>DefaultShortcut.png</icon>
		<thumb />
		<action>ActivateWindow(Videos,"plugin://plugin.video.stream-cinema",return)</action>
		<defaultID />
	</shortcut>
		<shortcut>              
		<defaultID>weather</defaultID>                                                                                                                                                                                                                                                          
		<label>12600</label>                                                                                                                                                                                                                                                                    
		<label2>Custom item</lab</label2>   
		<icon>DefaultAddon.png</icon>   
		<thumb />       
		<action>ActivateWindow(Weather)</action>     
	</shortcut> 

</shortcuts>	