<?xml version="1.0" encoding="UTF-8"?>
<window id="1103">
	<defaultcontrol always="true">9876</defaultcontrol>
	<onunload>control.setfocus(9999)</onunload>
	<controls>
		<control type="image">
            <include>dimensionsFullscreen</include>
            <texture>colors/black.png</texture>
            <aspectratio>stretch</aspectratio>
        </control>
		<control type="group">
			<include>fadeInOut</include>
			<control type="group">
				<!--art-->
				<control type="image">
					<visible>!Visualisation.Enabled</visible>
		            <include>dimensionsFullscreen</include>
		            <texture>colors/black.png</texture>
		            <aspectratio>stretch</aspectratio>
		        </control>
				<control type="image">
					<visible>!Visualisation.Enabled</visible>
	                <include>dimensionsFullscreen</include>
	                <aspectratio>stretch</aspectratio>
	                <texture>$INFO[listitem.art(fanart)]</texture>
	                <fadetime>500</fadetime>
	                <colordiffuse>77ffffff</colordiffuse>
	            </control>
		        <control type="image">
					<visible>!Visualisation.Enabled</visible>
		            <include>dimensionsFullscreen</include>
		            <texture>vignette.png</texture>
		            <colordiffuse>ffffffff</colordiffuse>
		            <aspectratio>stretch</aspectratio>
		        </control>
				<!--visualisation-->
				<control type="visualisation" id="2">
					<visible>Visualisation.Enabled</visible>
					<description>visualisation</description>
					<posx>0</posx>
					<posy>0</posy>
					<include>dimensionsFullscreen</include>
				</control>
			</control>
			<!--Track info-->
			<control type="group">
				<posx>col-1-begin</posx>
				<posy>row-9-begin</posy>
				<animation type="conditional" condition="!String.IsEqual(MusicPlayer.Time,00:00)">
					<effect type="slide" start="0,500" end="0,0" tween="sine" time="400"/>
				</animation>
				<animation type="conditional" condition="control.hasfocus(8001) | control.hasfocus(8002)">
					<effect type="slide" start="0,0" end="0,-84" tween="sine" time="400"/>
				</animation>
				<animation type="conditional" condition="true">
					<effect type="fade" end="90" time="0"/>
				</animation>
				<!--cover art-->
				<control type="image">
					<visible>!Visualisation.Enabled</visible>
	                <posx>612</posx>
					<posy>-60</posy>
					<width>7-col</width>
					<height>7-col</height>
	                <aspectratio scalediffuse="false">stretch</aspectratio>
	                <texture fallback="noAlbumCover.jpg">$INFO[MusicPlayer.Cover]</texture>
                    <bordertexture colordiffuse="overlay">colors/black.png</bordertexture>
                    <bordersize>6</bordersize>
                    <colordiffuse>ffffffff</colordiffuse>
	            </control>
				<!--track info-->
				<control type="group">
					<posx>0</posx>
					<posy>12-row</posy>			
					<control type="label">
						<posx>7-col</posx>
						<posy>50</posy>
						<width>10-col</width>
						<height>2-row</height>
						<align>center</align>
						<font>menuTitle3</font>
						<textcolor>textActive</textcolor>
						<scroll>true</scroll>
						<label>$INFO[MusicPlayer.Title]</label>
						<shadowcolor>99000000</shadowcolor>
						<wrapmultiline>true</wrapmultiline>
					</control>
					<control type="label">
						<posx>4-col</posx>
						<posy>112</posy>
						<width>16-col</width>
						<height>3-row</height>
						<align>center</align>
						<font>buttonTitle</font>
						<textcolor>textActive</textcolor>
						<scroll>true</scroll>
						<label>[B]$INFO[MusicPlayer.artist][/B][CR]$INFO[MusicPlayer.Album,, ]$INFO[MusicPlayer.year,(,)]</label>
						<shadowcolor>99000000</shadowcolor>
					</control>
					<control type="progress">
		                <description>Progress Bar</description>
		                <posx>9-col</posx>
		                <posy>230</posy>
		                <width>6-col</width>
		                <height>12</height>
		                <texturebg colordiffuse="textboxInactive">colors/offblack.png</texturebg>
		                <midtexture colordiffuse="highlight">colors/white.png</midtexture>
		                <info>player.progress</info>
		            </control>
					<control type="label">
						<posx>628</posx>
						<posy>6-row</posy>
						<width>4-col</width>
						<align>right</align>
						<font>buttonTitle2</font>
						<textcolor>textActive</textcolor>
						<scroll>true</scroll>
						<label>$INFO[musicplayer.Playlistposition]$INFO[musicplayer.Playlistlength, / ]</label>
						<shadowcolor>99000000</shadowcolor>
					</control>
					<control type="label">
						<posx>1100</posx>
						<posy>6-row</posy>
						<width>4-col</width>
						<align>left</align>
						<font>buttonTitle2</font>
						<textcolor>textActive</textcolor>
						<scroll>true</scroll>
						<label>$INFO[MusicPlayer.timeremaining]</label>
						<shadowcolor>99000000</shadowcolor>
					</control>
				</control>		
			</control>
		</control>
		<!--hidden buttons to handle dialog autohide-->
		<control type="button" id="9876">
			<posx>-100</posx>
			<posy>-100</posy>
			<height>1-col</height>
			<width>1-col</width>
			<onclick>control.setfocus(9000)</onclick>
			<onleft>control.setfocus(9000)</onleft>
			<oninfo>control.setfocus(9000)</oninfo>
		</control>
		<!--hub menu-->
        <include>hubMenu</include>
		<!--debugging-->
		<include>DebugGrid</include>
		<control type="label">
			<include>DialogID</include>
			<label>custom_musicPlayerFullscreen.xml Got RDS? $INFO[RDS.HasRds]</label>
		</control>
	</controls>
</window>
