<?xml version='1.0' encoding='UTF-8'?>
<includes>
	<include name="menus-mainmenu">
		<!-- <item id="1">
			<property name="id">$NUMBER[1]</property>
			<label>$LOCALIZE[31136]</label>
			<icon>DefaultAddon.png</icon>
			<thumb />
			<property name="labelID">31136</property>
			<property name="defaultID">31136</property>
			<visible>Player.HasMedia</visible>
			<onclick>action(FullScreen)</onclick>
			<property name="path">action(FullScreen)</property>
			<property name="list">action(FullScreen)</property>
			<visible>String.IsEqual(System.ProfileName,Master user)</visible>
			<property name="submenuVisibility">num-31136</property>
			<property name="group">mainmenu</property>
			<property name="hasSubmenu">False</property>
		</item>
	-->
		
		<item id="2">
			<property name="id">$NUMBER[2]</property>
			<label>Stream Cinema</label>
			<icon>DefaultShortcut.png</icon>
			<thumb />
			<onclick>ActivateWindow(Videos,"plugin://plugin.video.stream-cinema",return)</onclick>
			</item>
		<!--<item id="3">
			<property name="id">$NUMBER[3]</property>
			<label>$LOCALIZE[31251]</label>
			<icon>DefaultAddon.png</icon>
			<thumb />
			<property name="labelID">31251</property>
			<property name="defaultID">31251</property>
			<visible>System.HasMediaDVD</visible>
			<onclick>EjectTray()</onclick>
			<property name="path">EjectTray()</property>
			<property name="list">EjectTray()</property>
			<visible>String.IsEqual(System.ProfileName,Master user)</visible>
			<property name="submenuVisibility">num-31251</property>
			<property name="group">mainmenu</property>
			<property name="hasSubmenu">False</property>
		</item>
		<item id="4">
			<property name="id">$NUMBER[4]</property>
			<label>$LOCALIZE[31249]</label>
			<icon>DefaultAddon.png</icon>
			<thumb />
			<property name="labelID">31249</property>
			<property name="defaultID">31249</property>
			<visible>[System.HasPVRAddon] + [PVR.HasTVChannels]</visible>
			<onclick>ActivateWindow(TVChannels)</onclick>
			<property name="path">ActivateWindow(TVChannels)</property>
			<property name="list">TVChannels</property>
			<visible>String.IsEqual(System.ProfileName,Master user)</visible>
			<property name="submenuVisibility">num-31249</property>
			<property name="group">mainmenu</property>
			<property name="hasSubmenu">False</property>
		</item>
		<item id="5">
			<property name="id">$NUMBER[5]</property>
			<label>$LOCALIZE[31250]</label>
			<icon>DefaultAddon.png</icon>
			<thumb />
			<property name="labelID">31250</property>
			<property name="defaultID">31250</property>
			<visible>[System.HasPVRAddon] + [PVR.HasRadioChannels]</visible>
			<onclick>ActivateWindow(Radiochannels)</onclick>
			<property name="path">ActivateWindow(Radiochannels)</property>
			<property name="list">Radiochannels</property>
			<visible>String.IsEqual(System.ProfileName,Master user)</visible>
			<property name="submenuVisibility">num-31250</property>
			<property name="group">mainmenu</property>
			<property name="hasSubmenu">False</property>
		</item>
		<item id="6">
			<property name="id">$NUMBER[6]</property>
			<label>$LOCALIZE[342]</label>
			<icon>DefaultAddon.png</icon>
			<thumb />
			<property name="labelID">movies</property>
			<property name="defaultID">movies</property>
			<visible>[Library.HasContent(Movies)] + [Library.HasContent(Movies)]</visible>
			<onclick condition="!Skin.HasSetting(disableRecentMovies)">ActivateWindow(Videos,videodb://movies/titles/)</onclick>
			<property name="path">ActivateWindow(Videos,videodb://movies/titles/)</property>
			<property name="list">videodb://movies/titles/</property>
			<onclick condition="!Skin.HasSetting(disableRecentMovies)">control.setfocus(9103,0,absolute)</onclick>
			<onclick condition="Skin.HasSetting(disableRecentMovies)">ActivateWindow(Videos,videodb://movies/titles/)</onclick>
			<visible>String.IsEqual(System.ProfileName,Master user)</visible>
			<property name="submenuVisibility">movies</property>
			<property name="group">mainmenu</property>
			<property name="hasSubmenu">True</property>
		</item>
		<item id="7">
			<property name="id">$NUMBER[7]</property>
			<label>$LOCALIZE[20343]</label>
			<icon>DefaultAddon.png</icon>
			<thumb />
			<property name="labelID">tvshows</property>
			<property name="defaultID">tvshows</property>
			<visible>[Library.HasContent(TVShows)] + [Library.HasContent(TVshows)]</visible>
			<onclick condition="!Skin.HasSetting(disableRecentTVShows)">ActivateWindow(Videos,videodb://tvshows/titles/)</onclick>
			<property name="path">ActivateWindow(Videos,videodb://tvshows/titles/)</property>
			<property name="list">videodb://tvshows/titles/</property>
			<onclick condition="!Skin.HasSetting(disableRecentTVShows)">control.setfocus(9203,0,absolute)</onclick>
			<onclick condition="Skin.HasSetting(disableRecentTVShows)">ActivateWindow(Videos,videodb://tvshows/titles/)</onclick>
			<visible>String.IsEqual(System.ProfileName,Master user)</visible>
			<property name="submenuVisibility">tvshows</property>
			<property name="group">mainmenu</property>
			<property name="hasSubmenu">True</property>
		</item>
		<item id="8">
			<property name="id">$NUMBER[8]</property>
			<label>$LOCALIZE[3]</label>
			<icon>DefaultAddon.png</icon>
			<thumb />
			<property name="labelID">3</property>
			<property name="defaultID">3</property>
			<visible>!Library.HasContent(Video)</visible>
			<onclick>ActivateWindow(Videos,sources://video/)</onclick>
			<property name="path">ActivateWindow(Videos,sources://video/)</property>
			<property name="list">sources://video/</property>
			<visible>String.IsEqual(System.ProfileName,Master user)</visible>
			<property name="submenuVisibility">num-3</property>
			<property name="group">mainmenu</property>
			<property name="hasSubmenu">False</property>
		</item>
		<item id="9">
			<property name="id">$NUMBER[9]</property>
			<label>$LOCALIZE[2]</label>
			<icon>DefaultAddon.png</icon>
			<thumb />
			<property name="labelID">2</property>
			<property name="defaultID">2</property>
			<property name="icon">DefaultAddon.png</property>
			<visible>[Library.HasContent(Music)] + [Library.HasContent(Music)]</visible>
			<onclick condition="!Skin.HasSetting(disableRecentAlbums)">ActivateWindow(Music,musicdb://albums/)</onclick>
			<property name="path">ActivateWindow(Music,musicdb://albums/)</property>
			<property name="list">musicdb://albums/</property>
			<onclick condition="!Skin.HasSetting(disableRecentAlbums)">control.setfocus(9998,0,absolute)</onclick>
			<onclick condition="Skin.HasSetting(disableRecentAlbums)">ActivateWindow(Music,musicdb://albums/)</onclick>
			<visible>String.IsEqual(System.ProfileName,Master user)</visible>
			<property name="submenuVisibility">num-2</property>
			<property name="group">mainmenu</property>
			<property name="hasSubmenu">False</property>
		</item>
		<item id="10">
			<property name="id">$NUMBER[10]</property>
			<label>$LOCALIZE[2]</label>
			<icon>DefaultAddon.png</icon>
			<thumb />
			<property name="labelID">2--0</property>
			<property name="defaultID">2--0</property>
			<visible>!Library.HasContent(Music)</visible>
			<onclick>ActivateWindow(Music,Files)</onclick>
			<property name="path">ActivateWindow(Music,Files)</property>
			<property name="list">Files</property>
			<visible>String.IsEqual(System.ProfileName,Master user)</visible>
			<property name="submenuVisibility">2-0</property>
			<property name="group">mainmenu</property>
			<property name="hasSubmenu">False</property>
		</item>
		<item id="11">
			<property name="id">$NUMBER[11]</property>
			<label>$LOCALIZE[31229]</label>
			<icon>DefaultAddon.png</icon>
			<thumb />
			<property name="labelID">31229</property>
			<property name="defaultID">31229</property>
			<visible>Library.HasContent(Music)</visible>
			<onclick>PlayerControl(Partymode(music))</onclick>
			<property name="path">PlayerControl(Partymode(music))</property>
			<property name="list">PlayerControl(Partymode(music))</property>
			<visible>String.IsEqual(System.ProfileName,Master user)</visible>
			<property name="submenuVisibility">num-31229</property>
			<property name="group">mainmenu</property>
			<property name="hasSubmenu">False</property>
		</item>
		<item id="12">
			<property name="id">$NUMBER[12]</property>
			<label>$LOCALIZE[31232]</label>
			<icon>DefaultAddon.png</icon>
			<thumb />
			<property name="labelID">31232</property>
			<property name="defaultID">31232</property>
			<onclick>ActivateWindow(games)</onclick>
			<property name="path">ActivateWindow(games)</property>
			<property name="list">games</property>
			<visible>String.IsEqual(System.ProfileName,Master user)</visible>
			<property name="submenuVisibility">num-31232</property>
			<property name="group">mainmenu</property>
			<property name="hasSubmenu">False</property>
		</item>
		-->
		
		<item id="13">
			<property name="id">$NUMBER[13]</property>
			<label>$LOCALIZE[12600]</label>
			<icon>DefaultAddon.png</icon>
			<thumb />
			<property name="labelID">weather</property>
			<property name="defaultID">weather</property>
			<visible>!String.IsEmpty(Weather.Plugin)</visible>
			<onclick>ActivateWindow(Weather)</onclick>
			<property name="path">ActivateWindow(Weather)</property>
			<property name="list">Weather</property>
			<visible>String.IsEqual(System.ProfileName,Master user)</visible>
			<property name="submenuVisibility">weather</property>
			<property name="group">mainmenu</property>
			<property name="hasSubmenu">False</property>
		</item>
		<!--
		<item id="14">
			<property name="id">$NUMBER[14]</property>
			<label>$LOCALIZE[10002]</label>
			<icon>DefaultAddon.png</icon>
			<thumb />
			<property name="labelID">pictures</property>
			<property name="defaultID">pictures</property>
			<onclick>ActivateWindow(Pictures)</onclick>
			<property name="path">ActivateWindow(Pictures)</property>
			<property name="list">Pictures</property>
			<visible>String.IsEqual(System.ProfileName,Master user)</visible>
			<property name="submenuVisibility">pictures</property>
			<property name="group">mainmenu</property>
			<property name="hasSubmenu">True</property>
		</item>
	</include>
	-->
	
	<include name="menus-videomenu">
		<item id="1">
			<property name="id">$NUMBER[1]</property>
			<property name="mainmenuid">15</property>
			<label>$LOCALIZE[31136]</label>
			<icon>DefaultAddon.png</icon>
			<thumb />
			<property name="labelID">31136</property>
			<property name="defaultID">31136</property>
			<visible>Player.HasMedia</visible>
			<onclick condition="true">control.setfocus(9999)</onclick>
			<onclick>action(FullScreen)</onclick>
			<property name="path">action(FullScreen)</property>
			<property name="list">action(FullScreen)</property>
			<visible>String.IsEqual(System.ProfileName,Master user)</visible>
			<property name="group">videosubmenu</property>
			<property name="isSubmenu">True</property>
		</item>
		<item id="2">
			<property name="id">$NUMBER[2]</property>
			<property name="mainmenuid">15</property>
			<label>$LOCALIZE[31215]</label>
			<icon>DefaultAddon.png</icon>
			<thumb />
			<property name="labelID">31215</property>
			<property name="defaultID">31215</property>
			<visible>[System.HasPVRAddon] + [PVR.HasTVChannels]</visible>
			<onclick condition="true">control.setfocus(9999)</onclick>
			<onclick>ActivateWindow(TVChannels)</onclick>
			<property name="path">ActivateWindow(TVChannels)</property>
			<property name="list">TVChannels</property>
			<visible>String.IsEqual(System.ProfileName,Master user)</visible>
			<property name="group">videosubmenu</property>
			<property name="isSubmenu">True</property>
		</item>
		<item id="3">
			<property name="id">$NUMBER[3]</property>
			<property name="mainmenuid">15</property>
			<label>$LOCALIZE[31112]</label>
			<icon>DefaultAddon.png</icon>
			<thumb />
			<property name="labelID">31112</property>
			<property name="defaultID">31112</property>
			<visible>[System.HasPVRAddon] + [PVR.HasTVChannels]</visible>
			<onclick condition="true">control.setfocus(9999)</onclick>
			<onclick>ActivateWindow(TVGuide)</onclick>
			<property name="path">ActivateWindow(TVGuide)</property>
			<property name="list">TVGuide</property>
			<visible>String.IsEqual(System.ProfileName,Master user)</visible>
			<property name="group">videosubmenu</property>
			<property name="isSubmenu">True</property>
		</item>
		<item id="4">
			<property name="id">$NUMBER[4]</property>
			<property name="mainmenuid">15</property>
			<label>$LOCALIZE[31165]</label>
			<icon>DefaultAddon.png</icon>
			<thumb />
			<property name="labelID">31165</property>
			<property name="defaultID">31165</property>
			<visible>[System.HasPVRAddon] + [PVR.HasTVChannels]</visible>
			<onclick condition="true">control.setfocus(9999)</onclick>
			<onclick>ActivateWindow(TVRecordings)</onclick>
			<property name="path">ActivateWindow(TVRecordings)</property>
			<property name="list">TVRecordings</property>
			<visible>String.IsEqual(System.ProfileName,Master user)</visible>
			<property name="group">videosubmenu</property>
			<property name="isSubmenu">True</property>
		</item>
		<item id="5">
			<property name="id">$NUMBER[5]</property>
			<property name="mainmenuid">15</property>
			<label>$LOCALIZE[342]</label>
			<icon>DefaultAddon.png</icon>
			<thumb />
			<property name="labelID">movies</property>
			<property name="defaultID">movies</property>
			<visible>Library.HasContent(Movies)</visible>
			<onclick condition="true">control.setfocus(9999)</onclick>
			<onclick condition="!window.isactive(videos) + !Skin.HasSetting(disableRecentMovies)">ActivateWindow(Videos,videodb://movies/titles/)</onclick>
			<property name="path">ActivateWindow(Videos,videodb://movies/titles/)</property>
			<property name="list">videodb://movies/titles/</property>
			<onclick condition="!window.isactive(videos) + !Skin.HasSetting(disableRecentMovies)">control.setfocus(9103,0,absolute)</onclick>
			<onclick condition="window.isactive(videos) + !Skin.HasSetting(disableRecentMovies)">Container.Update(videodb://movies/titles/)</onclick>
			<onclick condition="window.isactive(videos) + !Skin.HasSetting(disableRecentMovies)">control.setfocus(9103,0,absolute)</onclick>
			<onclick condition="!window.isactive(videos) + Skin.HasSetting(disableRecentMovies)">ActivateWindow(Videos,videodb://movies/titles/)</onclick>
			<onclick condition="!window.isactive(videos) + Skin.HasSetting(disableRecentMovies)">control.setfocus(9104,0,absolute)</onclick>
			<onclick condition="window.isactive(videos) + Skin.HasSetting(disableRecentMovies)">Container.Update(videodb://movies/titles/)</onclick>
			<onclick condition="window.isactive(videos) + Skin.HasSetting(disableRecentMovies)">control.setfocus(9104,0,absolute)</onclick>
			<visible>String.IsEqual(System.ProfileName,Master user)</visible>
			<property name="group">videosubmenu</property>
			<property name="isSubmenu">True</property>
		</item>
		<item id="6">
			<property name="id">$NUMBER[6]</property>
			<property name="mainmenuid">15</property>
			<label>$LOCALIZE[20343]</label>
			<icon>DefaultAddon.png</icon>
			<thumb />
			<property name="labelID">tvshows</property>
			<property name="defaultID">tvshows</property>
			<visible>Library.HasContent(TVShows)</visible>
			<onclick condition="true">control.setfocus(9999)</onclick>
			<onclick condition="!window.isactive(videos) + !Skin.HasSetting(disableRecentTVShows)">ActivateWindow(Videos,videodb://tvshows/titles/)</onclick>
			<property name="path">ActivateWindow(Videos,videodb://tvshows/titles/)</property>
			<property name="list">videodb://tvshows/titles/</property>
			<onclick condition="!window.isactive(videos) + !Skin.HasSetting(disableRecentTVShows)">control.setfocus(9203,0,absolute)</onclick>
			<onclick condition="window.isactive(videos) + !Skin.HasSetting(disableRecentTVShows)">Container.Update(videodb://tvshows/titles/)</onclick>
			<onclick condition="window.isactive(videos) + !Skin.HasSetting(disableRecentTVShows)">control.setfocus(9203,0,absolute)</onclick>
			<onclick condition="!window.isactive(videos) + Skin.HasSetting(disableRecentTVShows)">ActivateWindow(Videos,videodb://tvshows/titles/)</onclick>
			<onclick condition="!window.isactive(videos) + Skin.HasSetting(disableRecentTVShows)">control.setfocus(9204,0,absolute)</onclick>
			<onclick condition="window.isactive(videos) + Skin.HasSetting(disableRecentTVShows)">Container.Update(videodb://tvshows/titles/)</onclick>
			<onclick condition="window.isactive(videos) + Skin.HasSetting(disableRecentTVShows)">control.setfocus(9204,0,absolute)</onclick>
			<visible>String.IsEqual(System.ProfileName,Master user)</visible>
			<property name="group">videosubmenu</property>
			<property name="isSubmenu">True</property>
		</item>
		<item id="7">
			<property name="id">$NUMBER[7]</property>
			<property name="mainmenuid">15</property>
			<label>$LOCALIZE[31088]</label>
			<icon>DefaultAddon.png</icon>
			<thumb />
			<property name="labelID">31088</property>
			<property name="defaultID">31088</property>
			<onclick condition="true">control.setfocus(9999)</onclick>
			<onclick>ActivateWindow(Videos,addons://sources/video/)</onclick>
			<property name="path">ActivateWindow(Videos,addons://sources/video/)</property>
			<property name="list">addons://sources/video/</property>
			<visible>String.IsEqual(System.ProfileName,Master user)</visible>
			<property name="group">videosubmenu</property>
			<property name="isSubmenu">True</property>
		</item>
		<item id="8">
			<property name="id">$NUMBER[8]</property>
			<property name="mainmenuid">15</property>
			<label>$LOCALIZE[136]</label>
			<icon>DefaultAddon.png</icon>
			<thumb />
			<property name="labelID">136</property>
			<property name="defaultID">136</property>
			<onclick condition="true">control.setfocus(9999)</onclick>
			<onclick>ActivateWindow(Videos,special://videoplaylists/,return)</onclick>
			<property name="path">ActivateWindow(Videos,special://videoplaylists/,return)</property>
			<property name="list">special://videoplaylists/</property>
			<visible>String.IsEqual(System.ProfileName,Master user)</visible>
			<property name="group">videosubmenu</property>
			<property name="isSubmenu">True</property>
		</item>
		<item id="9">
			<property name="id">$NUMBER[9]</property>
			<property name="mainmenuid">15</property>
			<label>$LOCALIZE[744]</label>
			<icon>DefaultAddon.png</icon>
			<thumb />
			<property name="labelID">744</property>
			<property name="defaultID">744</property>
			<onclick condition="true">control.setfocus(9999)</onclick>
			<onclick>ActivateWindow(Videos,sources://video/)</onclick>
			<property name="path">ActivateWindow(Videos,sources://video/)</property>
			<property name="list">sources://video/</property>
			<visible>String.IsEqual(System.ProfileName,Master user)</visible>
			<property name="group">videosubmenu</property>
			<property name="isSubmenu">True</property>
		</item>
	</include>
	<include name="menus-musicmenu">
		<item id="1">
			<property name="id">$NUMBER[1]</property>
			<property name="mainmenuid">16</property>
			<label>$LOCALIZE[31136]</label>
			<label2>$LOCALIZE[10005]</label2>
			<icon>DefaultAddon.png</icon>
			<thumb />
			<property name="labelID">31136</property>
			<property name="defaultID">31136</property>
			<visible>Player.HasMedia</visible>
			<onclick condition="true">control.setfocus(9999)</onclick>
			<onclick>activateWindow(1103)</onclick>
			<property name="path">activateWindow(1103)</property>
			<property name="list">activateWindow(1103)</property>
			<visible>String.IsEqual(System.ProfileName,Master user)</visible>
			<property name="group">musicsubmenu</property>
			<property name="isSubmenu">True</property>
		</item>
		<item id="2">
			<property name="id">$NUMBER[2]</property>
			<property name="mainmenuid">16</property>
			<label>$LOCALIZE[31248]</label>
			<label2>$LOCALIZE[10005]</label2>
			<icon>DefaultAddon.png</icon>
			<thumb />
			<property name="labelID">31248</property>
			<property name="defaultID">31248</property>
			<visible>MusicPlayer.HasNext</visible>
			<onclick condition="true">control.setfocus(9999)</onclick>
			<onclick>activateWindow(musicplaylist)</onclick>
			<property name="path">activateWindow(musicplaylist)</property>
			<property name="list">activateWindow(musicplaylist)</property>
			<visible>String.IsEqual(System.ProfileName,Master user)</visible>
			<property name="group">musicsubmenu</property>
			<property name="isSubmenu">True</property>
		</item>
		<item id="3">
			<property name="id">$NUMBER[3]</property>
			<property name="mainmenuid">16</property>
			<label>$LOCALIZE[31031]</label>
			<label2>$LOCALIZE[10005]</label2>
			<icon>DefaultAddon.png</icon>
			<thumb />
			<property name="labelID">31031</property>
			<property name="defaultID">31031</property>
			<visible>Library.HasContent(Music)</visible>
			<onclick condition="true">control.setfocus(9999)</onclick>
			<onclick>PlayerControl(Partymode(music))</onclick>
			<property name="path">PlayerControl(Partymode(music))</property>
			<property name="list">PlayerControl(Partymode(music))</property>
			<visible>String.IsEqual(System.ProfileName,Master user)</visible>
			<property name="group">musicsubmenu</property>
			<property name="isSubmenu">True</property>
		</item>
		<item id="4">
			<property name="id">$NUMBER[4]</property>
			<property name="mainmenuid">16</property>
			<label>$LOCALIZE[31250]</label>
			<label2>$LOCALIZE[10005]</label2>
			<icon>DefaultAddon.png</icon>
			<thumb />
			<property name="labelID">31250</property>
			<property name="defaultID">31250</property>
			<visible>[System.HasPVRAddon] + [PVR.HasRadioChannels]</visible>
			<onclick condition="true">control.setfocus(9999)</onclick>
			<onclick>ActivateWindow(Radiochannels)</onclick>
			<property name="path">ActivateWindow(Radiochannels)</property>
			<property name="list">Radiochannels</property>
			<visible>String.IsEqual(System.ProfileName,Master user)</visible>
			<property name="group">musicsubmenu</property>
			<property name="isSubmenu">True</property>
		</item>
		<item id="5">
			<property name="id">$NUMBER[5]</property>
			<property name="mainmenuid">16</property>
			<label>$LOCALIZE[133]</label>
			<label2>$LOCALIZE[10005]</label2>
			<icon>DefaultAddon.png</icon>
			<thumb />
			<property name="labelID">133</property>
			<property name="defaultID">133</property>
			<visible>Library.HasContent(Music)</visible>
			<onclick condition="true">control.setfocus(9999)</onclick>
			<onclick condition="window.isactive(music)">Container.Update(musicdb://artists/)</onclick>
			<property name="path">Container.Update(musicdb://artists/)</property>
			<property name="list">Container.Update(musicdb://artists/)</property>
			<onclick condition="window.isactive(music)">control.setfocus(51,0,absolute)</onclick>
			<onclick condition="!window.isactive(music)">ActivateWindow(Music,musicdb://artists/)</onclick>
			<visible>String.IsEqual(System.ProfileName,Master user)</visible>
			<property name="group">musicsubmenu</property>
			<property name="isSubmenu">True</property>
		</item>
		<item id="6">
			<property name="id">$NUMBER[6]</property>
			<property name="mainmenuid">16</property>
			<label>$LOCALIZE[132]</label>
			<label2>$LOCALIZE[10005]</label2>
			<icon>DefaultAddon.png</icon>
			<thumb />
			<property name="labelID">132</property>
			<property name="defaultID">132</property>
			<visible>Library.HasContent(Music)</visible>
			<onclick condition="true">control.setfocus(9999)</onclick>
			<onclick condition="!window.isactive(music) + !Skin.HasSetting(disableRecentAlbums)">ActivateWindow(Music,musicdb://albums/)</onclick>
			<property name="path">ActivateWindow(Music,musicdb://albums/)</property>
			<property name="list">musicdb://albums/</property>
			<onclick condition="!window.isactive(music) + !Skin.HasSetting(disableRecentAlbums)">control.setfocus(9998,0,absolute)</onclick>
			<onclick condition="window.isactive(music) + !Skin.HasSetting(disableRecentAlbums)">Container.Update(musicdb://albums/)</onclick>
			<onclick condition="window.isactive(music) + !Skin.HasSetting(disableRecentAlbums)">control.setfocus(9998,0,absolute)</onclick>
			<onclick condition="!window.isactive(music) + Skin.HasSetting(disableRecentAlbums)">ActivateWindow(Music,musicdb://albums/)</onclick>
			<onclick condition="!window.isactive(music) + Skin.HasSetting(disableRecentAlbums)">control.setfocus(9124,0,absolute)</onclick>
			<onclick condition="window.isactive(music) + Skin.HasSetting(disableRecentAlbums)">Container.Update(musicdb://albums/)</onclick>
			<onclick condition="window.isactive(music) + Skin.HasSetting(disableRecentAlbums)">control.setfocus(9124,0,absolute)</onclick>
			<visible>String.IsEqual(System.ProfileName,Master user)</visible>
			<property name="group">musicsubmenu</property>
			<property name="isSubmenu">True</property>
		</item>
		<item id="7">
			<property name="id">$NUMBER[7]</property>
			<property name="mainmenuid">16</property>
			<label>$LOCALIZE[135]</label>
			<label2>$LOCALIZE[10005]</label2>
			<icon>DefaultAddon.png</icon>
			<thumb />
			<property name="labelID">135</property>
			<property name="defaultID">135</property>
			<visible>Library.HasContent(Music)</visible>
			<onclick condition="true">control.setfocus(9999)</onclick>
			<onclick condition="window.isactive(music)">Container.Update(musicdb://genres/)</onclick>
			<property name="path">Container.Update(musicdb://genres/)</property>
			<property name="list">Container.Update(musicdb://genres/)</property>
			<onclick condition="!window.isactive(music)">ActivateWindow(Music,musicdb://genres/)</onclick>
			<visible>String.IsEqual(System.ProfileName,Master user)</visible>
			<property name="group">musicsubmenu</property>
			<property name="isSubmenu">True</property>
		</item>
		<item id="8">
			<property name="id">$NUMBER[8]</property>
			<property name="mainmenuid">16</property>
			<label>$LOCALIZE[136]</label>
			<label2>$LOCALIZE[10005]</label2>
			<icon>DefaultAddon.png</icon>
			<thumb />
			<property name="labelID">136</property>
			<property name="defaultID">136</property>
			<onclick condition="true">control.setfocus(9999)</onclick>
			<onclick>activateWindow(Music,special://musicplaylists/)</onclick>
			<property name="path">activateWindow(Music,special://musicplaylists/)</property>
			<property name="list">activateWindow(Music,special://musicplaylists/)</property>
			<visible>String.IsEqual(System.ProfileName,Master user)</visible>
			<property name="group">musicsubmenu</property>
			<property name="isSubmenu">True</property>
		</item>
		<item id="9">
			<property name="id">$NUMBER[9]</property>
			<property name="mainmenuid">16</property>
			<label>$LOCALIZE[20389]</label>
			<label2>$LOCALIZE[10005]</label2>
			<icon>DefaultAddon.png</icon>
			<thumb />
			<property name="labelID">musicvideos</property>
			<property name="defaultID">musicvideos</property>
			<visible>Library.HasContent(MusicVideos)</visible>
			<onclick condition="true">control.setfocus(9999)</onclick>
			<onclick condition="window.isactive(music)">Container.Update(videodb://musicvideos/titles/)</onclick>
			<property name="path">Container.Update(videodb://musicvideos/titles/)</property>
			<property name="list">Container.Update(videodb://musicvideos/titles/)</property>
			<onclick condition="!window.isactive(music)">ActivateWindow(Videos,videodb://musicvideos/titles/)</onclick>
			<visible>String.IsEqual(System.ProfileName,Master user)</visible>
			<property name="group">musicsubmenu</property>
			<property name="isSubmenu">True</property>
		</item>
		<item id="10">
			<property name="id">$NUMBER[10]</property>
			<property name="mainmenuid">16</property>
			<label>$LOCALIZE[31090]</label>
			<label2>$LOCALIZE[10005]</label2>
			<icon>DefaultAddon.png</icon>
			<thumb />
			<property name="labelID">31090</property>
			<property name="defaultID">31090</property>
			<onclick condition="true">control.setfocus(9999)</onclick>
			<onclick>ActivateWindow(Music,Addons)</onclick>
			<property name="path">ActivateWindow(Music,Addons)</property>
			<property name="list">Addons</property>
			<visible>String.IsEqual(System.ProfileName,Master user)</visible>
			<property name="group">musicsubmenu</property>
			<property name="isSubmenu">True</property>
		</item>
		<item id="11">
			<property name="id">$NUMBER[11]</property>
			<property name="mainmenuid">16</property>
			<label>$LOCALIZE[744]</label>
			<label2>$LOCALIZE[10005]</label2>
			<icon>DefaultAddon.png</icon>
			<thumb />
			<property name="labelID">744</property>
			<property name="defaultID">744</property>
			<onclick condition="true">control.setfocus(9999)</onclick>
			<onclick>ActivateWindow(Music,Files)</onclick>
			<property name="path">ActivateWindow(Music,Files)</property>
			<property name="list">Files</property>
			<visible>String.IsEqual(System.ProfileName,Master user)</visible>
			<property name="group">musicsubmenu</property>
			<property name="isSubmenu">True</property>
		</item>
	</include>
	<include name="menus-picturemenu">
		<item id="1">
			<property name="id">$NUMBER[1]</property>
			<property name="mainmenuid">17</property>
			<label>$LOCALIZE[744]</label>
			<icon>DefaultShortcut.png</icon>
			<thumb />
			<property name="labelID">744</property>
			<property name="defaultID">744</property>
			<onclick condition="true">control.setfocus(9999)</onclick>
			<onclick>ActivateWindow(Pictures,files)</onclick>
			<property name="path">ActivateWindow(Pictures,files)</property>
			<property name="list">files</property>
			<visible>String.IsEqual(System.ProfileName,Master user)</visible>
			<property name="group">picturessubmenu</property>
			<property name="isSubmenu">True</property>
		</item>
		<item id="2">
			<property name="id">$NUMBER[2]</property>
			<property name="mainmenuid">17</property>
			<label>$LOCALIZE[1039]</label>
			<icon>DefaultShortcut.png</icon>
			<thumb />
			<property name="labelID">1039</property>
			<property name="defaultID">1039</property>
			<onclick condition="true">control.setfocus(9999)</onclick>
			<onclick>ActivateWindow(Pictures,Addons,return)</onclick>
			<property name="path">ActivateWindow(Pictures,Addons,return)</property>
			<property name="list">Addons</property>
			<visible>String.IsEqual(System.ProfileName,Master user)</visible>
			<property name="group">picturessubmenu</property>
			<property name="isSubmenu">True</property>
		</item>
	</include>
	<include name="menus-gamemenu">
		<item id="1">
			<property name="id">$NUMBER[1]</property>
			<property name="mainmenuid">18</property>
			<label>$LOCALIZE[744]</label>
			<icon>DefaultShortcut.png</icon>
			<thumb />
			<property name="labelID">744</property>
			<property name="defaultID">744</property>
			<onclick>ActivateWindow(Games,files)</onclick>
			<property name="path">ActivateWindow(Games,files)</property>
			<property name="list">files</property>
			<visible>String.IsEqual(System.ProfileName,Master user)</visible>
			<property name="group">gamesubmenu</property>
			<property name="isSubmenu">True</property>
		</item>
		<item id="2">
			<property name="id">$NUMBER[2]</property>
			<property name="mainmenuid">18</property>
			<label>$LOCALIZE[31234]</label>
			<icon>DefaultShortcut.png</icon>
			<thumb />
			<property name="labelID">31234</property>
			<property name="defaultID">31234</property>
			<onclick>ActivateWindow(Games,Addons,return)</onclick>
			<property name="path">ActivateWindow(Games,Addons,return)</property>
			<property name="list">Addons</property>
			<visible>String.IsEqual(System.ProfileName,Master user)</visible>
			<property name="group">gamesubmenu</property>
			<property name="isSubmenu">True</property>
		</item>
	</include>
</includes>