<?xml version="1.0" encoding="UTF-8"?>
<includes>
    <!--Photo browser-->
    <include name="photos">
		<control type="group">
			<visible>$EXP[isPhotoAlbum]</visible>
			<control type="image">
	            <include>dimensionsFullscreen</include>
	            <texture>$INFO[container(50).listitem.art(thumb)]</texture>
	            <colordiffuse>FF555555</colordiffuse>
	            <aspectratio>scale</aspectratio>
				<fadetime>250</fadetime>
	        </control>
			<control type="image">
	            <include>dimensionsFullscreen</include>
	            <texture>vignette.png</texture>
	            <colordiffuse>ffffffff</colordiffuse>
	            <aspectratio>stretch</aspectratio>
	        </control>
			<control type="label">
                <posx>col-1-begin</posx>
                <posy>20-row</posy>
                <width>18-col</width>
                <height>1-row</height>
                <font>largeTitle</font>
                <textcolor>textActive</textcolor>
				<aligny>center</aligny>
                <shadowcolor></shadowcolor>
                <wrapmultiline>true</wrapmultiline>
                <label>$INFO[container.foldername]</label>
            </control>
		</control>
        <control type="panel" id="50">
			<visible>$EXP[isPhotoAlbum]</visible>
            <posx>96</posx>
            <posy>row-22-begin</posy>
            <width>1764</width>
            <height>10-row</height>
            <onleft>9000</onleft>
            <onright>50</onright>
			<orientation>horizontal</orientation>
            <scrolltime tween="cubic" easing="out">600</scrolltime>
            <pagecontrol>60</pagecontrol>
            <itemlayout width="4-col" height="6-row">
                <control type="image">
                    <posx>0</posx>
                    <posy>0</posy>
                    <width>4-col-textbox</width>
                    <height>160</height>
                    <aspectratio>scale</aspectratio>
                    <texture>colors/black.png</texture>
                    <bordersize>6</bordersize>
                </control>
                <control type="image">
					<visible>ListItem.IsFolder + !ListItem.IsParentFolder</visible>
                    <posx>0</posx>
                    <posy>0</posy>
                    <width>4-col-textbox</width>
                    <height>160</height>
                    <aspectratio>scale</aspectratio>
                    <texture>$INFO[Listitem.thumb]</texture>
                    <bordersize>6</bordersize>
					<colordiffuse>33ffffff</colordiffuse>
                </control>
				<control type="image">
					<visible>!ListItem.IsFolder + !ListItem.IsParentFolder</visible>
                    <posx>0</posx>
                    <posy>0</posy>
                    <width>4-col-textbox</width>
                    <height>160</height>
                    <aspectratio>scale</aspectratio>
                    <texture>$INFO[Listitem.thumb]</texture>
                    <bordersize>6</bordersize>
					<colordiffuse>77ffffff</colordiffuse>
                </control>
				<control type="image">
					<visible>ListItem.IsFolder</visible>
                    <posx>0</posx>
                    <posy>0</posy>
                    <width>4-col-textbox</width>
                    <height>160</height>
                    <aspectratio>scale</aspectratio>
                    <texture>colors/black.png</texture>
                    <bordersize>6</bordersize>
                    <colordiffuse>77111111</colordiffuse>
                </control>
				<control type="label">
					<visible>ListItem.IsFolder + !ListItem.IsParentFolder</visible>
					<posx>0</posx>
					<posy>56</posy>
					<width>4-col-textbox</width>
					<height>1-row</height>
					<aligny>center</aligny>
					<align>center</align>
					<font>largeLight</font>
					<textcolor>textActive</textcolor>
					<label>$LOCALIZE[31252]</label>
				</control>
				<control type="textbox">
					<visible>ListItem.IsFolder</visible>
					<posx>24</posx>
					<posy>160</posy>
					<width>230</width>
					<height>60</height>
					<font>thumbTitle</font>
					<wrapmultiline>true</wrapmultiline>
					<textcolor>textActive</textcolor>
					<label>$INFO[ListItem.label]</label>
				</control>
            </itemlayout>
            <focusedlayout width="4-col" height="6-row">
                <control type="group">
                    <include>focusThumb</include>
					<control type="image">
                        <posx>0</posx>
                        <posy>0</posy>
                        <width>4-col-textbox</width>
	                    <height>160</height>
                        <aspectratio>scale</aspectratio>
                        <texture border="6">colors/black.png</texture>
                        <bordertexture border="6" colordiffuse="ffFFFFFF">colors/white.png</bordertexture>
                        <bordersize>6</bordersize>
                        <colordiffuse>FF000000</colordiffuse>
                    </control>
					<control type="image">
						<visible>ListItem.IsFolder + !ListItem.IsParentFolder</visible>
	                    <posx>0</posx>
	                    <posy>0</posy>
	                    <width>4-col-textbox</width>
	                    <height>160</height>
	                    <aspectratio>scale</aspectratio>
	                    <texture>$INFO[Listitem.thumb]</texture>
	                    <bordersize>6</bordersize>
						<colordiffuse>33ffffff</colordiffuse>
	                </control>
                    <control type="image">
						<visible>!ListItem.IsFolder + !ListItem.IsParentFolder</visible>
                        <posx>0</posx>
                        <posy>0</posy>
                        <width>4-col-textbox</width>
	                    <height>160</height>
                        <aspectratio>scale</aspectratio>
                        <texture>$INFO[Listitem.thumb]</texture>
                        <bordersize>6</bordersize>
                    </control>
					<control type="image">
						<visible>ListItem.IsFolder</visible>
	                    <posx>0</posx>
	                    <posy>0</posy>
	                    <width>4-col-textbox</width>
	                    <height>160</height>
	                    <aspectratio>scale</aspectratio>
	                    <texture>colors/black.png</texture>
	                    <bordersize>6</bordersize>
	                    <colordiffuse>99FFFFFF</colordiffuse>
	                </control>
					<control type="label">
						<visible>ListItem.IsFolder + !ListItem.IsParentFolder</visible>
						<posx>0</posx>
						<posy>56</posy>
						<width>4-col-textbox</width>
						<height>1-row</height>
						<aligny>center</aligny>
						<align>center</align>
						<font>largeLight</font>
						<textcolor>textActive</textcolor>
						<label>$LOCALIZE[31252]</label>
					</control>
					<control type="textbox">
						<visible>ListItem.IsFolder</visible>
						<posx>24</posx>
						<posy>160</posy>
						<width>230</width>
						<height>60</height>
						<font>thumbTitle</font>
						<wrapmultiline>true</wrapmultiline>
						<textcolor>textActive</textcolor>
						<label>$INFO[ListItem.label]</label>
					</control>
                </control>
            </focusedlayout>
        </control>
		<control type="panel" id="51">
            <visible>!$EXP[isPhotoAlbum]</visible>
            <posx>col-1-begin</posx>
            <posy>row-5-begin</posy>
            <width>24-col</width>
            <height>23-row</height>
            <onleft>9000</onleft>
            <onright>61</onright>
            <ondown>51</ondown>
            <onup>51</onup>
            <pagecontrol>61</pagecontrol>
            <itemlayout width="24-col" height="2-row">
                <control type="image">
                    <posx>0</posx>
                    <posy>3</posy>
                    <width>66</width>
                    <height>66</height>
                    <aspectratio scalediffuse="false">stretch</aspectratio>
                    <texture fallback="colors/black.png" diffuse="masks/circle.png" border="0">$INFO[Listitem.thumb]</texture>
                </control>
                <control type="image">
                    <posx>1-col</posx>
                    <posy>0</posy>
                    <width>23-col</width>
                    <height>69</height>
                    <aspectratio>stretch</aspectratio>
                    <texture border="0">colors/black.png</texture>
                    <colordiffuse>overlay</colordiffuse>
                </control>
                <control type="label">
                    <posx>1-col-indent</posx>
                    <posy>0</posy>
                    <width>22-col-gutter</width>
                    <height>2-row</height>
                    <aligny>center</aligny>
                    <font>itemTitle</font>
                    <textcolor>textActive</textcolor>
                    <shadowcolor></shadowcolor>
                    <label>$INFO[ListItem.Label]</label>
                </control>
            </itemlayout>
            <focusedlayout width="24-col" height="2-row">
                <control type="image">
                    <posx>0</posx>
                    <posy>3</posy>
                    <width>66</width>
                    <height>66</height>
                    <aspectratio scalediffuse="false">stretch</aspectratio>
                    <texture fallback="colors/white.png" diffuse="masks/circle.png" border="0">$INFO[Listitem.thumb]</texture>
                    <animation type="focus" loop="false" reversible="false">
                        <effect type="fade" time="500"/>
                        <effect type="rotatey" end="360" center="33" tween="back" easing="out" time="1000"/>
                    </animation>
                </control>
                <control type="image">
                    <posx>1-col</posx>
                    <posy>0</posy>
                    <width>23-col</width>
                    <height>2-row</height>
                    <aspectratio>stretch</aspectratio>
                    <texture border="0">colors/white.png</texture>
                    <colordiffuse>highlight</colordiffuse>
                </control>
                <control type="label">
                    <posx>1-col-indent</posx>
                    <posy>0</posy>
                    <width>22-col-gutter</width>
                    <height>2-row</height>
                    <aligny>center</aligny>
                    <font>itemTitle</font>
                    <textcolor>textActive</textcolor>
                    <shadowcolor></shadowcolor>
                    <label>$INFO[ListItem.Label]</label>
                </control>
            </focusedlayout>
        </control>
    </include>
</includes>
